"Data Source","World Development Indicators",

"Last Updated Date","2019-12-20",

"Country Name","Country Code","Indicator Name","Indicator Code","1960","1961","1962","1963","1964","1965","1966","1967","1968","1969","1970","1971","1972","1973","1974","1975","1976","1977","1978","1979","1980","1981","1982","1983","1984","1985","1986","1987","1988","1989","1990","1991","1992","1993","1994","1995","1996","1997","1998","1999","2000","2001","2002","2003","2004","2005","2006","2007","2008","2009","2010","2011","2012","2013","2014","2015","2016","2017","2018","2019",
"Aruba","ABW","Internally displaced persons, total displaced by conflict and violence (number of people)","VC.IDP.TOCV","","","","","","","","","","","","","","","","","","","","","","","","","","","","","","","","","","","","","","","","","","","","","","","","","","","","","","","","","","","","",
"Afghanistan","AFG","Internally displaced persons, total displaced by conflict and violence (number of people)","VC.IDP.TOCV","","","","","","","","","","","","","","","","","","","","","","","","","","","","","","","","","","","","","","","","","","","","","","","","","","297000","352000","450000","492000","631000","805000","1174000","1553000","1286000","2598000","",
"Angola","AGO","Internally displaced persons, total displaced by conflict and violence (number of people)","VC.IDP.TOCV","","","","","","","","","","","","","","","","","","","","","","","","","","","","","","","","","","","","","","","","","","","","","","","","","","","","","","","","","","","","",
"Albania","ALB","Internally displaced persons, total displaced by conflict and violence (number of people)","VC.IDP.TOCV","","","","","","","","","","","","","","","","","","","","","","","","","","","","","","","","","","","","","","","","","","","","","","","","","","","","","","","","","","","","",
"Andorra","AND","Internally displaced persons, total displaced by conflict and violence (number of people)","VC.IDP.TOCV","","","","","","","","","","","","","","","","","","","","","","","","","","","","","","","","","","","","","","","","","","","","","","","","","","","","","","","","","","","","",
"Arab World","ARB","Internally displaced persons, total displaced by conflict and violence (number of people)","VC.IDP.TOCV","","","","","","","","","","","","","","","","","","","","","","","","","","","","","","","","","","","","","","","","","","","","","","","","","","","","","","","","","16331500","","","",
"United Arab Emirates","ARE","Internally displaced persons, total displaced by conflict and violence (number of people)","VC.IDP.TOCV","","","","","","","","","","","","","","","","","","","","","","","","","","","","","","","","","","","","","","","","","","","","","","","","","","","","","","","","","","","","",
"Argentina","ARG","Internally displaced persons, total displaced by conflict and violence (number of people)","VC.IDP.TOCV","","","","","","","","","","","","","","","","","","","","","","","","","","","","","","","","","","","","","","","","","","","","","","","","","","","","","","","","","","","","",
"Armenia","ARM","Internally displaced persons, total displaced by conflict and violence (number of people)","VC.IDP.TOCV","","","","","","","","","","","","","","","","","","","","","","","","","","","","","","","","","","","","","","","","","","","","","","","","","","8400","8400","8400","8400","8400","8400","8400","8400","","","",
"American Samoa","ASM","Internally displaced persons, total displaced by conflict and violence (number of people)","VC.IDP.TOCV","","","","","","","","","","","","","","","","","","","","","","","","","","","","","","","","","","","","","","","","","","","","","","","","","","","","","","","","","","","","",
"Antigua and Barbuda","ATG","Internally displaced persons, total displaced by conflict and violence (number of people)","VC.IDP.TOCV","","","","","","","","","","","","","","","","","","","","","","","","","","","","","","","","","","","","","","","","","","","","","","","","","","","","","","","","","","","","",
"Australia","AUS","Internally displaced persons, total displaced by conflict and violence (number of people)","VC.IDP.TOCV","","","","","","","","","","","","","","","","","","","","","","","","","","","","","","","","","","","","","","","","","","","","","","","","","","","","","","","","","","","","",
"Austria","AUT","Internally displaced persons, total displaced by conflict and violence (number of people)","VC.IDP.TOCV","","","","","","","","","","","","","","","","","","","","","","","","","","","","","","","","","","","","","","","","","","","","","","","","","","","","","","","","","","","","",
"Azerbaijan","AZE","Internally displaced persons, total displaced by conflict and violence (number of people)","VC.IDP.TOCV","","","","","","","","","","","","","","","","","","","","","","","","","","","","","","","","","","","","","","","","","","","","","","","","","","586000","593000","599000","600000","543000","569000","564000","582000","393000","344000","",
"Burundi","BDI","Internally displaced persons, total displaced by conflict and violence (number of people)","VC.IDP.TOCV","","","","","","","","","","","","","","","","","","","","","","","","","","","","","","","","","","","","","","","","","","","","","","","","","","100000","100000","79000","79000","79000","78000","99000","59000","57000","49000","",
"Belgium","BEL","Internally displaced persons, total displaced by conflict and violence (number of people)","VC.IDP.TOCV","","","","","","","","","","","","","","","","","","","","","","","","","","","","","","","","","","","","","","","","","","","","","","","","","","","","","","","","","","","","",
"Benin","BEN","Internally displaced persons, total displaced by conflict and violence (number of people)","VC.IDP.TOCV","","","","","","","","","","","","","","","","","","","","","","","","","","","","","","","","","","","","","","","","","","","","","","","","","","","","","","","","","","","3500","",
"Burkina Faso","BFA","Internally displaced persons, total displaced by conflict and violence (number of people)","VC.IDP.TOCV","","","","","","","","","","","","","","","","","","","","","","","","","","","","","","","","","","","","","","","","","","","","","","","","","","","","","","","","","700","4900","47000","",
"Bangladesh","BGD","Internally displaced persons, total displaced by conflict and violence (number of people)","VC.IDP.TOCV","","","","","","","","","","","","","","","","","","","","","","","","","","","","","","","","","","","","","","","","","","","","","","","","","","426000","426000","426000","426000","426000","426000","426000","426000","432000","426000","",
"Bulgaria","BGR","Internally displaced persons, total displaced by conflict and violence (number of people)","VC.IDP.TOCV","","","","","","","","","","","","","","","","","","","","","","","","","","","","","","","","","","","","","","","","","","","","","","","","","","","","","","","","","","","","",
"Bahrain","BHR","Internally displaced persons, total displaced by conflict and violence (number of people)","VC.IDP.TOCV","","","","","","","","","","","","","","","","","","","","","","","","","","","","","","","","","","","","","","","","","","","","","","","","","","","","","","","","","","","","",
"Bahamas, The","BHS","Internally displaced persons, total displaced by conflict and violence (number of people)","VC.IDP.TOCV","","","","","","","","","","","","","","","","","","","","","","","","","","","","","","","","","","","","","","","","","","","","","","","","","","","","","","","","","","","","",
"Bosnia and Herzegovina","BIH","Internally displaced persons, total displaced by conflict and violence (number of people)","VC.IDP.TOCV","","","","","","","","","","","","","","","","","","","","","","","","","","","","","","","","","","","","","","","","","","","","","","","","","","114000","113000","113000","103000","103000","100000","98000","98000","99000","99000","",
"Belarus","BLR","Internally displaced persons, total displaced by conflict and violence (number of people)","VC.IDP.TOCV","","","","","","","","","","","","","","","","","","","","","","","","","","","","","","","","","","","","","","","","","","","","","","","","","","","","","","","","","","","","",
"Belize","BLZ","Internally displaced persons, total displaced by conflict and violence (number of people)","VC.IDP.TOCV","","","","","","","","","","","","","","","","","","","","","","","","","","","","","","","","","","","","","","","","","","","","","","","","","","","","","","","","","","","","",
"Bermuda","BMU","Internally displaced persons, total displaced by conflict and violence (number of people)","VC.IDP.TOCV","","","","","","","","","","","","","","","","","","","","","","","","","","","","","","","","","","","","","","","","","","","","","","","","","","","","","","","","","","","","",
"Bolivia","BOL","Internally displaced persons, total displaced by conflict and violence (number of people)","VC.IDP.TOCV","","","","","","","","","","","","","","","","","","","","","","","","","","","","","","","","","","","","","","","","","","","","","","","","","","","","","","","","","","","","",
"Brazil","BRA","Internally displaced persons, total displaced by conflict and violence (number of people)","VC.IDP.TOCV","","","","","","","","","","","","","","","","","","","","","","","","","","","","","","","","","","","","","","","","","","","","","","","","","","","","","","","","","","","","",
"Barbados","BRB","Internally displaced persons, total displaced by conflict and violence (number of people)","VC.IDP.TOCV","","","","","","","","","","","","","","","","","","","","","","","","","","","","","","","","","","","","","","","","","","","","","","","","","","","","","","","","","","","","",
"Brunei Darussalam","BRN","Internally displaced persons, total displaced by conflict and violence (number of people)","VC.IDP.TOCV","","","","","","","","","","","","","","","","","","","","","","","","","","","","","","","","","","","","","","","","","","","","","","","","","","","","","","","","","","","","",
"Bhutan","BTN","Internally displaced persons, total displaced by conflict and violence (number of people)","VC.IDP.TOCV","","","","","","","","","","","","","","","","","","","","","","","","","","","","","","","","","","","","","","","","","","","","","","","","","","","","","","","","","","","","",
"Botswana","BWA","Internally displaced persons, total displaced by conflict and violence (number of people)","VC.IDP.TOCV","","","","","","","","","","","","","","","","","","","","","","","","","","","","","","","","","","","","","","","","","","","","","","","","","","","","","","","","","","","","",
"Central African Republic","CAF","Internally displaced persons, total displaced by conflict and violence (number of people)","VC.IDP.TOCV","","","","","","","","","","","","","","","","","","","","","","","","","","","","","","","","","","","","","","","","","","","","","","","","","","162000","192000","105000","132000","935000","439000","452000","412000","689000","641000","",
"Canada","CAN","Internally displaced persons, total displaced by conflict and violence (number of people)","VC.IDP.TOCV","","","","","","","","","","","","","","","","","","","","","","","","","","","","","","","","","","","","","","","","","","","","","","","","","","","","","","","","","","","","",
"Central Europe and the Baltics","CEB","Internally displaced persons, total displaced by conflict and violence (number of people)","VC.IDP.TOCV","","","","","","","","","","","","","","","","","","","","","","","","","","","","","","","","","","","","","","","","","","","","","","","","","","","","","","","","","","","","",
"Switzerland","CHE","Internally displaced persons, total displaced by conflict and violence (number of people)","VC.IDP.TOCV","","","","","","","","","","","","","","","","","","","","","","","","","","","","","","","","","","","","","","","","","","","","","","","","","","","","","","","","","","","","",
"Channel Islands","CHI","Internally displaced persons, total displaced by conflict and violence (number of people)","VC.IDP.TOCV","","","","","","","","","","","","","","","","","","","","","","","","","","","","","","","","","","","","","","","","","","","","","","","","","","","","","","","","","","","","",
"Chile","CHL","Internally displaced persons, total displaced by conflict and violence (number of people)","VC.IDP.TOCV","","","","","","","","","","","","","","","","","","","","","","","","","","","","","","","","","","","","","","","","","","","","","","","","","","","","","","","","","","","","",
"China","CHN","Internally displaced persons, total displaced by conflict and violence (number of people)","VC.IDP.TOCV","","","","","","","","","","","","","","","","","","","","","","","","","","","","","","","","","","","","","","","","","","","","","","","","","","","","","","","","","","","","",
"Cote d'Ivoire","CIV","Internally displaced persons, total displaced by conflict and violence (number of people)","VC.IDP.TOCV","","","","","","","","","","","","","","","","","","","","","","","","","","","","","","","","","","","","","","","","","","","","","","","","","","342000","522000","247000","80000","80000","301000","303000","301000","16000","302000","",
"Cameroon","CMR","Internally displaced persons, total displaced by conflict and violence (number of people)","VC.IDP.TOCV","","","","","","","","","","","","","","","","","","","","","","","","","","","","","","","","","","","","","","","","","","","","","","","","","","","","","","","40000","124000","177000","239000","668000","",
"Congo, Dem. Rep.","COD","Internally displaced persons, total displaced by conflict and violence (number of people)","VC.IDP.TOCV","","","","","","","","","","","","","","","","","","","","","","","","","","","","","","","","","","","","","","","","","","","","","","","","","","1900000","1700000","1710000","2700000","2964000","2757000","1500000","2230000","4480000","3081000","",
"Congo, Rep.","COG","Internally displaced persons, total displaced by conflict and violence (number of people)","VC.IDP.TOCV","","","","","","","","","","","","","","","","","","","","","","","","","","","","","","","","","","","","","","","","","","","","","","","","","","7800","7800","7800","7800","7800","7800","7800","33000","108000","107000","",
"Colombia","COL","Internally displaced persons, total displaced by conflict and violence (number of people)","VC.IDP.TOCV","","","","","","","","","","","","","","","","","","","","","","","","","","","","","","","","","","","","","","","","","","","","","","","","","","4916000","5196000","5281000","5455000","5700000","6044000","6270000","7246000","6509000","5761000","",
"Comoros","COM","Internally displaced persons, total displaced by conflict and violence (number of people)","VC.IDP.TOCV","","","","","","","","","","","","","","","","","","","","","","","","","","","","","","","","","","","","","","","","","","","","","","","","","","","","","","","","","","","","",
"Cabo Verde","CPV","Internally displaced persons, total displaced by conflict and violence (number of people)","VC.IDP.TOCV","","","","","","","","","","","","","","","","","","","","","","","","","","","","","","","","","","","","","","","","","","","","","","","","","","","","","","","","","","","","",
"Costa Rica","CRI","Internally displaced persons, total displaced by conflict and violence (number of people)","VC.IDP.TOCV","","","","","","","","","","","","","","","","","","","","","","","","","","","","","","","","","","","","","","","","","","","","","","","","","","","","","","","","","","","","",
"Caribbean small states","CSS","Internally displaced persons, total displaced by conflict and violence (number of people)","VC.IDP.TOCV","","","","","","","","","","","","","","","","","","","","","","","","","","","","","","","","","","","","","","","","","","","","","","","","","","","","","","","","","","","","",
"Cuba","CUB","Internally displaced persons, total displaced by conflict and violence (number of people)","VC.IDP.TOCV","","","","","","","","","","","","","","","","","","","","","","","","","","","","","","","","","","","","","","","","","","","","","","","","","","","","","","","","","","","","",
"Curacao","CUW","Internally displaced persons, total displaced by conflict and violence (number of people)","VC.IDP.TOCV","","","","","","","","","","","","","","","","","","","","","","","","","","","","","","","","","","","","","","","","","","","","","","","","","","","","","","","","","","","","",
"Cayman Islands","CYM","Internally displaced persons, total displaced by conflict and violence (number of people)","VC.IDP.TOCV","","","","","","","","","","","","","","","","","","","","","","","","","","","","","","","","","","","","","","","","","","","","","","","","","","","","","","","","","","","","",
"Cyprus","CYP","Internally displaced persons, total displaced by conflict and violence (number of people)","VC.IDP.TOCV","","","","","","","","","","","","","","","","","","","","","","","","","","","","","","","","","","","","","","","","","","","","","","","","","","201000","208000","208000","210000","212000","212000","272000","272000","217000","228000","",
"Czech Republic","CZE","Internally displaced persons, total displaced by conflict and violence (number of people)","VC.IDP.TOCV","","","","","","","","","","","","","","","","","","","","","","","","","","","","","","","","","","","","","","","","","","","","","","","","","","","","","","","","","","","","",
"Germany","DEU","Internally displaced persons, total displaced by conflict and violence (number of people)","VC.IDP.TOCV","","","","","","","","","","","","","","","","","","","","","","","","","","","","","","","","","","","","","","","","","","","","","","","","","","","","","","","","","","","","",
"Djibouti","DJI","Internally displaced persons, total displaced by conflict and violence (number of people)","VC.IDP.TOCV","","","","","","","","","","","","","","","","","","","","","","","","","","","","","","","","","","","","","","","","","","","","","","","","","","","","","","","","","","","","",
"Dominica","DMA","Internally displaced persons, total displaced by conflict and violence (number of people)","VC.IDP.TOCV","","","","","","","","","","","","","","","","","","","","","","","","","","","","","","","","","","","","","","","","","","","","","","","","","","","","","","","","","","","","",
"Denmark","DNK","Internally displaced persons, total displaced by conflict and violence (number of people)","VC.IDP.TOCV","","","","","","","","","","","","","","","","","","","","","","","","","","","","","","","","","","","","","","","","","","","","","","","","","","","","","","","","","","","","",
"Dominican Republic","DOM","Internally displaced persons, total displaced by conflict and violence (number of people)","VC.IDP.TOCV","","","","","","","","","","","","","","","","","","","","","","","","","","","","","","","","","","","","","","","","","","","","","","","","","","","","","","","","","","","","",
"Algeria","DZA","Internally displaced persons, total displaced by conflict and violence (number of people)","VC.IDP.TOCV","","","","","","","","","","","","","","","","","","","","","","","","","","","","","","","","","","","","","","","","","","","","","","","","","","","","","","","","","2500","","","",
"East Asia & Pacific (excluding high income)","EAP","Internally displaced persons, total displaced by conflict and violence (number of people)","VC.IDP.TOCV","","","","","","","","","","","","","","","","","","","","","","","","","","","","","","","","","","","","","","","","","","","","","","","","","","","","","","","","","","","","",
"Early-demographic dividend","EAR","Internally displaced persons, total displaced by conflict and violence (number of people)","VC.IDP.TOCV","","","","","","","","","","","","","","","","","","","","","","","","","","","","","","","","","","","","","","","","","","","","","","","","","","5164400","5166400","5749400","8103400","11437400","14720900","15349400","13546000","14927002","14821000","",
"East Asia & Pacific","EAS","Internally displaced persons, total displaced by conflict and violence (number of people)","VC.IDP.TOCV","","","","","","","","","","","","","","","","","","","","","","","","","","","","","","","","","","","","","","","","","","","","","","","","","","","","","","","","","","","","",
"Europe & Central Asia (excluding high income)","ECA","Internally displaced persons, total displaced by conflict and violence (number of people)","VC.IDP.TOCV","","","","","","","","","","","","","","","","","","","","","","","","","","","","","","","","","","","","","","","","","","","","","","","","","","2281440","2375440","","2435420","1972130","2658020","3586600","3693550","2729140","2651440","",
"Europe & Central Asia","ECS","Internally displaced persons, total displaced by conflict and violence (number of people)","VC.IDP.TOCV","","","","","","","","","","","","","","","","","","","","","","","","","","","","","","","","","","","","","","","","","","","","","","","","","","","","","","","","","","","","",
"Ecuador","ECU","Internally displaced persons, total displaced by conflict and violence (number of people)","VC.IDP.TOCV","","","","","","","","","","","","","","","","","","","","","","","","","","","","","","","","","","","","","","","","","","","","","","","","","","","","","","","","","","","","",
"Egypt, Arab Rep.","EGY","Internally displaced persons, total displaced by conflict and violence (number of people)","VC.IDP.TOCV","","","","","","","","","","","","","","","","","","","","","","","","","","","","","","","","","","","","","","","","","","","","","","","","","","","","","","","","78000","78000","82000","97000","",
"Euro area","EMU","Internally displaced persons, total displaced by conflict and violence (number of people)","VC.IDP.TOCV","","","","","","","","","","","","","","","","","","","","","","","","","","","","","","","","","","","","","","","","","","","","","","","","","","","","","","","","","","","","",
"Eritrea","ERI","Internally displaced persons, total displaced by conflict and violence (number of people)","VC.IDP.TOCV","","","","","","","","","","","","","","","","","","","","","","","","","","","","","","","","","","","","","","","","","","","","","","","","","","10000","10000","10000","10000","10000","10000","","","","","",
"Spain","ESP","Internally displaced persons, total displaced by conflict and violence (number of people)","VC.IDP.TOCV","","","","","","","","","","","","","","","","","","","","","","","","","","","","","","","","","","","","","","","","","","","","","","","","","","","","","","","","","","","","",
"Estonia","EST","Internally displaced persons, total displaced by conflict and violence (number of people)","VC.IDP.TOCV","","","","","","","","","","","","","","","","","","","","","","","","","","","","","","","","","","","","","","","","","","","","","","","","","","","","","","","","","","","","",
"Ethiopia","ETH","Internally displaced persons, total displaced by conflict and violence (number of people)","VC.IDP.TOCV","","","","","","","","","","","","","","","","","","","","","","","","","","","","","","","","","","","","","","","","","","","","","","","","","","350000","300000","350000","350000","316000","397000","450000","258000","1078000","2137000","",
"European Union","EUU","Internally displaced persons, total displaced by conflict and violence (number of people)","VC.IDP.TOCV","","","","","","","","","","","","","","","","","","","","","","","","","","","","","","","","","","","","","","","","","","","","","","","","","","","","","","","","","","","","",
"Fragile and conflict affected situations","FCS","Internally displaced persons, total displaced by conflict and violence (number of people)","VC.IDP.TOCV","","","","","","","","","","","","","","","","","","","","","","","","","","","","","","","","","","","","","","","","","","","","","","","","","","13532200","13546200","11270700","14747700","18748700","22844200","23597100","23523900","24186000","24895000","",
"Finland","FIN","Internally displaced persons, total displaced by conflict and violence (number of people)","VC.IDP.TOCV","","","","","","","","","","","","","","","","","","","","","","","","","","","","","","","","","","","","","","","","","","","","","","","","","","","","","","","","","","","","",
"Fiji","FJI","Internally displaced persons, total displaced by conflict and violence (number of people)","VC.IDP.TOCV","","","","","","","","","","","","","","","","","","","","","","","","","","","","","","","","","","","","","","","","","","","","","","","","","","","","","","","","","","","","",
"France","FRA","Internally displaced persons, total displaced by conflict and violence (number of people)","VC.IDP.TOCV","","","","","","","","","","","","","","","","","","","","","","","","","","","","","","","","","","","","","","","","","","","","","","","","","","","","","","","","","","","","",
"Faroe Islands","FRO","Internally displaced persons, total displaced by conflict and violence (number of people)","VC.IDP.TOCV","","","","","","","","","","","","","","","","","","","","","","","","","","","","","","","","","","","","","","","","","","","","","","","","","","","","","","","","","","","","",
"Micronesia, Fed. Sts.","FSM","Internally displaced persons, total displaced by conflict and violence (number of people)","VC.IDP.TOCV","","","","","","","","","","","","","","","","","","","","","","","","","","","","","","","","","","","","","","","","","","","","","","","","","","","","","","","","","","","","",
"Gabon","GAB","Internally displaced persons, total displaced by conflict and violence (number of people)","VC.IDP.TOCV","","","","","","","","","","","","","","","","","","","","","","","","","","","","","","","","","","","","","","","","","","","","","","","","","","","","","","","","","","","","",
"United Kingdom","GBR","Internally displaced persons, total displaced by conflict and violence (number of people)","VC.IDP.TOCV","","","","","","","","","","","","","","","","","","","","","","","","","","","","","","","","","","","","","","","","","","","","","","","","","","","","","","","","","","","","",
"Georgia","GEO","Internally displaced persons, total displaced by conflict and violence (number of people)","VC.IDP.TOCV","","","","","","","","","","","","","","","","","","","","","","","","","","","","","","","","","","","","","","","","","","","","","","","","","","240000","257000","270000","280000","207000","233000","239000","208000","289000","293000","",
"Ghana","GHA","Internally displaced persons, total displaced by conflict and violence (number of people)","VC.IDP.TOCV","","","","","","","","","","","","","","","","","","","","","","","","","","","","","","","","","","","","","","","","","","","","","","","","","","","","","","","","","","","5000","",
"Gibraltar","GIB","Internally displaced persons, total displaced by conflict and violence (number of people)","VC.IDP.TOCV","","","","","","","","","","","","","","","","","","","","","","","","","","","","","","","","","","","","","","","","","","","","","","","","","","","","","","","","","","","","",
"Guinea","GIN","Internally displaced persons, total displaced by conflict and violence (number of people)","VC.IDP.TOCV","","","","","","","","","","","","","","","","","","","","","","","","","","","","","","","","","","","","","","","","","","","","","","","","","","","","","","","","","","","","",
"Gambia, The","GMB","Internally displaced persons, total displaced by conflict and violence (number of people)","VC.IDP.TOCV","","","","","","","","","","","","","","","","","","","","","","","","","","","","","","","","","","","","","","","","","","","","","","","","","","","","","","","","","","","","",
"Guinea-Bissau","GNB","Internally displaced persons, total displaced by conflict and violence (number of people)","VC.IDP.TOCV","","","","","","","","","","","","","","","","","","","","","","","","","","","","","","","","","","","","","","","","","","","","","","","","","","","","","","","","","","","","",
"Equatorial Guinea","GNQ","Internally displaced persons, total displaced by conflict and violence (number of people)","VC.IDP.TOCV","","","","","","","","","","","","","","","","","","","","","","","","","","","","","","","","","","","","","","","","","","","","","","","","","","","","","","","","","","","","",
"Greece","GRC","Internally displaced persons, total displaced by conflict and violence (number of people)","VC.IDP.TOCV","","","","","","","","","","","","","","","","","","","","","","","","","","","","","","","","","","","","","","","","","","","","","","","","","","","","","","","","","","","","",
"Grenada","GRD","Internally displaced persons, total displaced by conflict and violence (number of people)","VC.IDP.TOCV","","","","","","","","","","","","","","","","","","","","","","","","","","","","","","","","","","","","","","","","","","","","","","","","","","","","","","","","","","","","",
"Greenland","GRL","Internally displaced persons, total displaced by conflict and violence (number of people)","VC.IDP.TOCV","","","","","","","","","","","","","","","","","","","","","","","","","","","","","","","","","","","","","","","","","","","","","","","","","","","","","","","","","","","","",
"Guatemala","GTM","Internally displaced persons, total displaced by conflict and violence (number of people)","VC.IDP.TOCV","","","","","","","","","","","","","","","","","","","","","","","","","","","","","","","","","","","","","","","","","","","","","","","","","","","","","","242000","249000","251000","257000","242000","242000","",
"Guam","GUM","Internally displaced persons, total displaced by conflict and violence (number of people)","VC.IDP.TOCV","","","","","","","","","","","","","","","","","","","","","","","","","","","","","","","","","","","","","","","","","","","","","","","","","","","","","","","","","","","","",
"Guyana","GUY","Internally displaced persons, total displaced by conflict and violence (number of people)","VC.IDP.TOCV","","","","","","","","","","","","","","","","","","","","","","","","","","","","","","","","","","","","","","","","","","","","","","","","","","","","","","","","","","","","",
"High income","HIC","Internally displaced persons, total displaced by conflict and violence (number of people)","VC.IDP.TOCV","","","","","","","","","","","","","","","","","","","","","","","","","","","","","","","","","","","","","","","","","","","","","","","","","","","","","","","","","","","","",
"Hong Kong SAR, China","HKG","Internally displaced persons, total displaced by conflict and violence (number of people)","VC.IDP.TOCV","","","","","","","","","","","","","","","","","","","","","","","","","","","","","","","","","","","","","","","","","","","","","","","","","","","","","","","","","","","","",
"Honduras","HND","Internally displaced persons, total displaced by conflict and violence (number of people)","VC.IDP.TOCV","","","","","","","","","","","","","","","","","","","","","","","","","","","","","","","","","","","","","","","","","","","","","","","","","","","","","","","29000","174000","190000","190000","190000","",
"Heavily indebted poor countries (HIPC)","HPC","Internally displaced persons, total displaced by conflict and violence (number of people)","VC.IDP.TOCV","","","","","","","","","","","","","","","","","","","","","","","","","","","","","","","","","","","","","","","","","","","","","","","","","","","","","","","","","9995200","11440900","14983500","",
"Croatia","HRV","Internally displaced persons, total displaced by conflict and violence (number of people)","VC.IDP.TOCV","","","","","","","","","","","","","","","","","","","","","","","","","","","","","","","","","","","","","","","","","","","","","","","","","","2400","2300","2100","","","","","","","","",
"Haiti","HTI","Internally displaced persons, total displaced by conflict and violence (number of people)","VC.IDP.TOCV","","","","","","","","","","","","","","","","","","","","","","","","","","","","","","","","","","","","","","","","","","","","","","","","","","","","","","","","","","","","",
"Hungary","HUN","Internally displaced persons, total displaced by conflict and violence (number of people)","VC.IDP.TOCV","","","","","","","","","","","","","","","","","","","","","","","","","","","","","","","","","","","","","","","","","","","","","","","","","","","","","","","","","","","","",
"IBRD only","IBD","Internally displaced persons, total displaced by conflict and violence (number of people)","VC.IDP.TOCV","","","","","","","","","","","","","","","","","","","","","","","","","","","","","","","","","","","","","","","","","","","","","","","","","","","","","","","","","","","","",
"IDA & IBRD total","IBT","Internally displaced persons, total displaced by conflict and violence (number of people)","VC.IDP.TOCV","","","","","","","","","","","","","","","","","","","","","","","","","","","","","","","","","","","","","","","","","","","","","","","","","","","","","","","","","","","","",
"IDA total","IDA","Internally displaced persons, total displaced by conflict and violence (number of people)","VC.IDP.TOCV","","","","","","","","","","","","","","","","","","","","","","","","","","","","","","","","","","","","","","","","","","","","","","","","","","","","","","21743100","23167600","24869100","23851600","25347902","28647500","",
"IDA blend","IDB","Internally displaced persons, total displaced by conflict and violence (number of people)","VC.IDP.TOCV","","","","","","","","","","","","","","","","","","","","","","","","","","","","","","","","","","","","","","","","","","","","","","","","","","","","","","4471100","3343600","4002100","2775400","2474000","3284000","",
"Indonesia","IDN","Internally displaced persons, total displaced by conflict and violence (number of people)","VC.IDP.TOCV","","","","","","","","","","","","","","","","","","","","","","","","","","","","","","","","","","","","","","","","","","","","","","","","","","70000","200000","180000","170000","90000","84000","6100","7100","13000","16000","",
"IDA only","IDX","Internally displaced persons, total displaced by conflict and violence (number of people)","VC.IDP.TOCV","","","","","","","","","","","","","","","","","","","","","","","","","","","","","","","","","","","","","","","","","","","","","","","","","","11816000","11555000","9259000","13452000","17272000","19824000","20867000","21076200","22873902","25363500","",
"Isle of Man","IMN","Internally displaced persons, total displaced by conflict and violence (number of people)","VC.IDP.TOCV","","","","","","","","","","","","","","","","","","","","","","","","","","","","","","","","","","","","","","","","","","","","","","","","","","","","","","","","","","","","",
"India","IND","Internally displaced persons, total displaced by conflict and violence (number of people)","VC.IDP.TOCV","","","","","","","","","","","","","","","","","","","","","","","","","","","","","","","","","","","","","","","","","","","","","","","","","","500000","650000","650000","1000000","526000","854000","612000","796000","806000","479000","",
"Not classified","INX","Internally displaced persons, total displaced by conflict and violence (number of people)","VC.IDP.TOCV","","","","","","","","","","","","","","","","","","","","","","","","","","","","","","","","","","","","","","","","","","","","","","","","","","","","","","","","","","","","",
"Ireland","IRL","Internally displaced persons, total displaced by conflict and violence (number of people)","VC.IDP.TOCV","","","","","","","","","","","","","","","","","","","","","","","","","","","","","","","","","","","","","","","","","","","","","","","","","","","","","","","","","","","","",
"Iran, Islamic Rep.","IRN","Internally displaced persons, total displaced by conflict and violence (number of people)","VC.IDP.TOCV","","","","","","","","","","","","","","","","","","","","","","","","","","","","","","","","","","","","","","","","","","","","","","","","","","","","","","","","","","","","",
"Iraq","IRQ","Internally displaced persons, total displaced by conflict and violence (number of people)","VC.IDP.TOCV","","","","","","","","","","","","","","","","","","","","","","","","","","","","","","","","","","","","","","","","","","","","","","","","","","2764000","2800000","2600000","2100000","2100000","3276000","3290000","3035000","2648000","1962000","",
"Iceland","ISL","Internally displaced persons, total displaced by conflict and violence (number of people)","VC.IDP.TOCV","","","","","","","","","","","","","","","","","","","","","","","","","","","","","","","","","","","","","","","","","","","","","","","","","","","","","","","","","","","","",
"Israel","ISR","Internally displaced persons, total displaced by conflict and violence (number of people)","VC.IDP.TOCV","","","","","","","","","","","","","","","","","","","","","","","","","","","","","","","","","","","","","","","","","","","","","","","","","","","","","","","","","","","","",
"Italy","ITA","Internally displaced persons, total displaced by conflict and violence (number of people)","VC.IDP.TOCV","","","","","","","","","","","","","","","","","","","","","","","","","","","","","","","","","","","","","","","","","","","","","","","","","","","","","","","","","","","","",
"Jamaica","JAM","Internally displaced persons, total displaced by conflict and violence (number of people)","VC.IDP.TOCV","","","","","","","","","","","","","","","","","","","","","","","","","","","","","","","","","","","","","","","","","","","","","","","","","","","","","","","","","","","","",
"Jordan","JOR","Internally displaced persons, total displaced by conflict and violence (number of people)","VC.IDP.TOCV","","","","","","","","","","","","","","","","","","","","","","","","","","","","","","","","","","","","","","","","","","","","","","","","","","","","","","","","","","","","",
"Japan","JPN","Internally displaced persons, total displaced by conflict and violence (number of people)","VC.IDP.TOCV","","","","","","","","","","","","","","","","","","","","","","","","","","","","","","","","","","","","","","","","","","","","","","","","","","","","","","","","","","","","",
"Kazakhstan","KAZ","Internally displaced persons, total displaced by conflict and violence (number of people)","VC.IDP.TOCV","","","","","","","","","","","","","","","","","","","","","","","","","","","","","","","","","","","","","","","","","","","","","","","","","","","","","","","","","","","","",
"Kenya","KEN","Internally displaced persons, total displaced by conflict and violence (number of people)","VC.IDP.TOCV","","","","","","","","","","","","","","","","","","","","","","","","","","","","","","","","","","","","","","","","","","","","","","","","","","250000","250000","250000","300000","412000","309000","309000","138000","159000","162000","",
"Kyrgyz Republic","KGZ","Internally displaced persons, total displaced by conflict and violence (number of people)","VC.IDP.TOCV","","","","","","","","","","","","","","","","","","","","","","","","","","","","","","","","","","","","","","","","","","","","","","","","","","","75000","67000","164000","","","","","","","",
"Cambodia","KHM","Internally displaced persons, total displaced by conflict and violence (number of people)","VC.IDP.TOCV","","","","","","","","","","","","","","","","","","","","","","","","","","","","","","","","","","","","","","","","","","","","","","","","","","","","","","","","","","","","",
"Kiribati","KIR","Internally displaced persons, total displaced by conflict and violence (number of people)","VC.IDP.TOCV","","","","","","","","","","","","","","","","","","","","","","","","","","","","","","","","","","","","","","","","","","","","","","","","","","","","","","","","","","","","",
"St. Kitts and Nevis","KNA","Internally displaced persons, total displaced by conflict and violence (number of people)","VC.IDP.TOCV","","","","","","","","","","","","","","","","","","","","","","","","","","","","","","","","","","","","","","","","","","","","","","","","","","","","","","","","","","","","",
"Korea, Rep.","KOR","Internally displaced persons, total displaced by conflict and violence (number of people)","VC.IDP.TOCV","","","","","","","","","","","","","","","","","","","","","","","","","","","","","","","","","","","","","","","","","","","","","","","","","","","","","","","","","","","","",
"Kuwait","KWT","Internally displaced persons, total displaced by conflict and violence (number of people)","VC.IDP.TOCV","","","","","","","","","","","","","","","","","","","","","","","","","","","","","","","","","","","","","","","","","","","","","","","","","","","","","","","","","","","","",
"Latin America & Caribbean (excluding high income)","LAC","Internally displaced persons, total displaced by conflict and violence (number of people)","VC.IDP.TOCV","","","","","","","","","","","","","","","","","","","","","","","","","","","","","","","","","","","","","","","","","","","","","","","","","","","","","","","","","","","","",
"Lao PDR","LAO","Internally displaced persons, total displaced by conflict and violence (number of people)","VC.IDP.TOCV","","","","","","","","","","","","","","","","","","","","","","","","","","","","","","","","","","","","","","","","","","","","","","","","","","","","","","","","","","","","",
"Lebanon","LBN","Internally displaced persons, total displaced by conflict and violence (number of people)","VC.IDP.TOCV","","","","","","","","","","","","","","","","","","","","","","","","","","","","","","","","","","","","","","","","","","","","","","","","","","90000","75000","47000","45000","20000","20000","12000","12000","11000","11000","",
"Liberia","LBR","Internally displaced persons, total displaced by conflict and violence (number of people)","VC.IDP.TOCV","","","","","","","","","","","","","","","","","","","","","","","","","","","","","","","","","","","","","","","","","","","","","","","","","","23000","23000","23000","23000","23000","23000","","","","","",
"Libya","LBY","Internally displaced persons, total displaced by conflict and violence (number of people)","VC.IDP.TOCV","","","","","","","","","","","","","","","","","","","","","","","","","","","","","","","","","","","","","","","","","","","","","","","","","","","","154000","50000","59000","400000","500000","304000","197000","221000","",
"St. Lucia","LCA","Internally displaced persons, total displaced by conflict and violence (number of people)","VC.IDP.TOCV","","","","","","","","","","","","","","","","","","","","","","","","","","","","","","","","","","","","","","","","","","","","","","","","","","","","","","","","","","","","",
"Latin America & Caribbean","LCN","Internally displaced persons, total displaced by conflict and violence (number of people)","VC.IDP.TOCV","","","","","","","","","","","","","","","","","","","","","","","","","","","","","","","","","","","","","","","","","","","","","","","","","","","","","","","","","","","","",
"Least developed countries: UN classification","LDC","Internally displaced persons, total displaced by conflict and violence (number of people)","VC.IDP.TOCV","","","","","","","","","","","","","","","","","","","","","","","","","","","","","","","","","","","","","","","","","","","","","","","","","","11021400","10507400","8327900","10190900","10675900","11877900","13773000","14242200","15867902","18731500","",
"Low income","LIC","Internally displaced persons, total displaced by conflict and violence (number of people)","VC.IDP.TOCV","","","","","","","","","","","","","","","","","","","","","","","","","","","","","","","","","","","","","","","","","","","","","","","","","","","","","","","","","16174200","19490902","21933500","",
"Liechtenstein","LIE","Internally displaced persons, total displaced by conflict and violence (number of people)","VC.IDP.TOCV","","","","","","","","","","","","","","","","","","","","","","","","","","","","","","","","","","","","","","","","","","","","","","","","","","","","","","","","","","","","",
"Sri Lanka","LKA","Internally displaced persons, total displaced by conflict and violence (number of people)","VC.IDP.TOCV","","","","","","","","","","","","","","","","","","","","","","","","","","","","","","","","","","","","","","","","","","","","","","","","","","400000","327000","125000","93000","90000","90000","44000","44000","42000","37000","",
"Lower middle income","LMC","Internally displaced persons, total displaced by conflict and violence (number of people)","VC.IDP.TOCV","","","","","","","","","","","","","","","","","","","","","","","","","","","","","","","","","","","","","","","","","","","","","","","","","","8508600","8559600","5612100","6527100","8947100","9806600","11413200","10474500","8218000","8629000","",
"Low & middle income","LMY","Internally displaced persons, total displaced by conflict and violence (number of people)","VC.IDP.TOCV","","","","","","","","","","","","","","","","","","","","","","","","","","","","","","","","","","","","","","","","","","","","","","","","","","","","","","","","","","","","",
"Lesotho","LSO","Internally displaced persons, total displaced by conflict and violence (number of people)","VC.IDP.TOCV","","","","","","","","","","","","","","","","","","","","","","","","","","","","","","","","","","","","","","","","","","","","","","","","","","","","","","","","","","","","",
"Late-demographic dividend","LTE","Internally displaced persons, total displaced by conflict and violence (number of people)","VC.IDP.TOCV","","","","","","","","","","","","","","","","","","","","","","","","","","","","","","","","","","","","","","","","","","","","","","","","","","","","","","","","","","","","",
"Lithuania","LTU","Internally displaced persons, total displaced by conflict and violence (number of people)","VC.IDP.TOCV","","","","","","","","","","","","","","","","","","","","","","","","","","","","","","","","","","","","","","","","","","","","","","","","","","","","","","","","","","","","",
"Luxembourg","LUX","Internally displaced persons, total displaced by conflict and violence (number of people)","VC.IDP.TOCV","","","","","","","","","","","","","","","","","","","","","","","","","","","","","","","","","","","","","","","","","","","","","","","","","","","","","","","","","","","","",
"Latvia","LVA","Internally displaced persons, total displaced by conflict and violence (number of people)","VC.IDP.TOCV","","","","","","","","","","","","","","","","","","","","","","","","","","","","","","","","","","","","","","","","","","","","","","","","","","","","","","","","","","","","",
"Macao SAR, China","MAC","Internally displaced persons, total displaced by conflict and violence (number of people)","VC.IDP.TOCV","","","","","","","","","","","","","","","","","","","","","","","","","","","","","","","","","","","","","","","","","","","","","","","","","","","","","","","","","","","","",
"St. Martin (French part)","MAF","Internally displaced persons, total displaced by conflict and violence (number of people)","VC.IDP.TOCV","","","","","","","","","","","","","","","","","","","","","","","","","","","","","","","","","","","","","","","","","","","","","","","","","","","","","","","","","","","","",
"Morocco","MAR","Internally displaced persons, total displaced by conflict and violence (number of people)","VC.IDP.TOCV","","","","","","","","","","","","","","","","","","","","","","","","","","","","","","","","","","","","","","","","","","","","","","","","","","","","","","","","","","","","",
"Monaco","MCO","Internally displaced persons, total displaced by conflict and violence (number of people)","VC.IDP.TOCV","","","","","","","","","","","","","","","","","","","","","","","","","","","","","","","","","","","","","","","","","","","","","","","","","","","","","","","","","","","","",
"Moldova","MDA","Internally displaced persons, total displaced by conflict and violence (number of people)","VC.IDP.TOCV","","","","","","","","","","","","","","","","","","","","","","","","","","","","","","","","","","","","","","","","","","","","","","","","","","","","","","","","","","","","",
"Madagascar","MDG","Internally displaced persons, total displaced by conflict and violence (number of people)","VC.IDP.TOCV","","","","","","","","","","","","","","","","","","","","","","","","","","","","","","","","","","","","","","","","","","","","","","","","","","","","","","","","","","","2000","",
"Maldives","MDV","Internally displaced persons, total displaced by conflict and violence (number of people)","VC.IDP.TOCV","","","","","","","","","","","","","","","","","","","","","","","","","","","","","","","","","","","","","","","","","","","","","","","","","","","","","","","","","","","","",
"Middle East & North Africa","MEA","Internally displaced persons, total displaced by conflict and violence (number of people)","VC.IDP.TOCV","","","","","","","","","","","","","","","","","","","","","","","","","","","","","","","","","","","","","","","","","","","","","","","","","","","","","","","","","","","","",
"Mexico","MEX","Internally displaced persons, total displaced by conflict and violence (number of people)","VC.IDP.TOCV","","","","","","","","","","","","","","","","","","","","","","","","","","","","","","","","","","","","","","","","","","","","","","","","","","8000","123000","162000","162000","160000","281000","287000","311000","345000","338000","",
"Marshall Islands","MHL","Internally displaced persons, total displaced by conflict and violence (number of people)","VC.IDP.TOCV","","","","","","","","","","","","","","","","","","","","","","","","","","","","","","","","","","","","","","","","","","","","","","","","","","","","","","","","","","","","",
"Middle income","MIC","Internally displaced persons, total displaced by conflict and violence (number of people)","VC.IDP.TOCV","","","","","","","","","","","","","","","","","","","","","","","","","","","","","","","","","","","","","","","","","","","","","","","","","","","","","","","","","","","","",
"North Macedonia","MKD","Internally displaced persons, total displaced by conflict and violence (number of people)","VC.IDP.TOCV","","","","","","","","","","","","","","","","","","","","","","","","","","","","","","","","","","","","","","","","","","","","","","","","","","640","640","640","620","330","220","200","150","140","140","",
"Mali","MLI","Internally displaced persons, total displaced by conflict and violence (number of people)","VC.IDP.TOCV","","","","","","","","","","","","","","","","","","","","","","","","","","","","","","","","","","","","","","","","","","","","","","","","","","","","","230000","218000","62000","50000","37000","38000","120000","",
"Malta","MLT","Internally displaced persons, total displaced by conflict and violence (number of people)","VC.IDP.TOCV","","","","","","","","","","","","","","","","","","","","","","","","","","","","","","","","","","","","","","","","","","","","","","","","","","","","","","","","","","","","",
"Myanmar","MMR","Internally displaced persons, total displaced by conflict and violence (number of people)","VC.IDP.TOCV","","","","","","","","","","","","","","","","","","","","","","","","","","","","","","","","","","","","","","","","","","","","","","","","","","470000","446000","450000","450000","641000","645000","644000","644000","635000","401000","",
"Middle East & North Africa (excluding high income)","MNA","Internally displaced persons, total displaced by conflict and violence (number of people)","VC.IDP.TOCV","","","","","","","","","","","","","","","","","","","","","","","","","","","","","","","","","","","","","","","","","","","","","","","","","","","","","","","","","","","","",
"Montenegro","MNE","Internally displaced persons, total displaced by conflict and violence (number of people)","VC.IDP.TOCV","","","","","","","","","","","","","","","","","","","","","","","","","","","","","","","","","","","","","","","","","","","","","","","","","","","","","","","","","","","","",
"Mongolia","MNG","Internally displaced persons, total displaced by conflict and violence (number of people)","VC.IDP.TOCV","","","","","","","","","","","","","","","","","","","","","","","","","","","","","","","","","","","","","","","","","","","","","","","","","","","","","","","","","","","","",
"Northern Mariana Islands","MNP","Internally displaced persons, total displaced by conflict and violence (number of people)","VC.IDP.TOCV","","","","","","","","","","","","","","","","","","","","","","","","","","","","","","","","","","","","","","","","","","","","","","","","","","","","","","","","","","","","",
"Mozambique","MOZ","Internally displaced persons, total displaced by conflict and violence (number of people)","VC.IDP.TOCV","","","","","","","","","","","","","","","","","","","","","","","","","","","","","","","","","","","","","","","","","","","","","","","","","","","","","","","","","15000","10000","14000","",
"Mauritania","MRT","Internally displaced persons, total displaced by conflict and violence (number of people)","VC.IDP.TOCV","","","","","","","","","","","","","","","","","","","","","","","","","","","","","","","","","","","","","","","","","","","","","","","","","","","","","","","","","","","","",
"Mauritius","MUS","Internally displaced persons, total displaced by conflict and violence (number of people)","VC.IDP.TOCV","","","","","","","","","","","","","","","","","","","","","","","","","","","","","","","","","","","","","","","","","","","","","","","","","","","","","","","","","","","","",
"Malawi","MWI","Internally displaced persons, total displaced by conflict and violence (number of people)","VC.IDP.TOCV","","","","","","","","","","","","","","","","","","","","","","","","","","","","","","","","","","","","","","","","","","","","","","","","","","","","","","","","","","","","",
"Malaysia","MYS","Internally displaced persons, total displaced by conflict and violence (number of people)","VC.IDP.TOCV","","","","","","","","","","","","","","","","","","","","","","","","","","","","","","","","","","","","","","","","","","","","","","","","","","","","","","","","","","","","",
"North America","NAC","Internally displaced persons, total displaced by conflict and violence (number of people)","VC.IDP.TOCV","","","","","","","","","","","","","","","","","","","","","","","","","","","","","","","","","","","","","","","","","","","","","","","","","","","","","","","","","","","","",
"Namibia","NAM","Internally displaced persons, total displaced by conflict and violence (number of people)","VC.IDP.TOCV","","","","","","","","","","","","","","","","","","","","","","","","","","","","","","","","","","","","","","","","","","","","","","","","","","","","","","","","","","","","",
"New Caledonia","NCL","Internally displaced persons, total displaced by conflict and violence (number of people)","VC.IDP.TOCV","","","","","","","","","","","","","","","","","","","","","","","","","","","","","","","","","","","","","","","","","","","","","","","","","","","","","","","","","","","","",
"Niger","NER","Internally displaced persons, total displaced by conflict and violence (number of people)","VC.IDP.TOCV","","","","","","","","","","","","","","","","","","","","","","","","","","","","","","","","","","","","","","","","","","","","","","","","","","11000","11000","11000","11000","11000","11000","153000","136000","144000","156000","",
"Nigeria","NGA","Internally displaced persons, total displaced by conflict and violence (number of people)","VC.IDP.TOCV","","","","","","","","","","","","","","","","","","","","","","","","","","","","","","","","","","","","","","","","","","","","","","","","","","","","","","3300000","1075000","2096000","1955000","1707000","2216000","",
"Nicaragua","NIC","Internally displaced persons, total displaced by conflict and violence (number of people)","VC.IDP.TOCV","","","","","","","","","","","","","","","","","","","","","","","","","","","","","","","","","","","","","","","","","","","","","","","","","","","","","","","","","","","","",
"Netherlands","NLD","Internally displaced persons, total displaced by conflict and violence (number of people)","VC.IDP.TOCV","","","","","","","","","","","","","","","","","","","","","","","","","","","","","","","","","","","","","","","","","","","","","","","","","","","","","","","","","","","","",
"Norway","NOR","Internally displaced persons, total displaced by conflict and violence (number of people)","VC.IDP.TOCV","","","","","","","","","","","","","","","","","","","","","","","","","","","","","","","","","","","","","","","","","","","","","","","","","","","","","","","","","","","","",
"Nepal","NPL","Internally displaced persons, total displaced by conflict and violence (number of people)","VC.IDP.TOCV","","","","","","","","","","","","","","","","","","","","","","","","","","","","","","","","","","","","","","","","","","","","","","","","","","60000","50000","50000","50000","50000","50000","50000","50000","2","","",
"Nauru","NRU","Internally displaced persons, total displaced by conflict and violence (number of people)","VC.IDP.TOCV","","","","","","","","","","","","","","","","","","","","","","","","","","","","","","","","","","","","","","","","","","","","","","","","","","","","","","","","","","","","",
"New Zealand","NZL","Internally displaced persons, total displaced by conflict and violence (number of people)","VC.IDP.TOCV","","","","","","","","","","","","","","","","","","","","","","","","","","","","","","","","","","","","","","","","","","","","","","","","","","","","","","","","","","","","",
"OECD members","OED","Internally displaced persons, total displaced by conflict and violence (number of people)","VC.IDP.TOCV","","","","","","","","","","","","","","","","","","","","","","","","","","","","","","","","","","","","","","","","","","","","","","","","","","","","","","","","","","","","",
"Oman","OMN","Internally displaced persons, total displaced by conflict and violence (number of people)","VC.IDP.TOCV","","","","","","","","","","","","","","","","","","","","","","","","","","","","","","","","","","","","","","","","","","","","","","","","","","","","","","","","","","","","",
"Other small states","OSS","Internally displaced persons, total displaced by conflict and violence (number of people)","VC.IDP.TOCV","","","","","","","","","","","","","","","","","","","","","","","","","","","","","","","","","","","","","","","","","","","","","","","","","","","","","","","","","","","","",
"Pakistan","PAK","Internally displaced persons, total displaced by conflict and violence (number of people)","VC.IDP.TOCV","","","","","","","","","","","","","","","","","","","","","","","","","","","","","","","","","","","","","","","","","","","","","","","","","","1230000","980000","900000","758000","747000","1900000","1459000","464000","249000","119000","",
"Panama","PAN","Internally displaced persons, total displaced by conflict and violence (number of people)","VC.IDP.TOCV","","","","","","","","","","","","","","","","","","","","","","","","","","","","","","","","","","","","","","","","","","","","","","","","","","","","","","","","","","","","",
"Peru","PER","Internally displaced persons, total displaced by conflict and violence (number of people)","VC.IDP.TOCV","","","","","","","","","","","","","","","","","","","","","","","","","","","","","","","","","","","","","","","","","","","","","","","","","","150000","150000","150000","150000","150000","150000","60000","62000","59000","59000","",
"Philippines","PHL","Internally displaced persons, total displaced by conflict and violence (number of people)","VC.IDP.TOCV","","","","","","","","","","","","","","","","","","","","","","","","","","","","","","","","","","","","","","","","","","","","","","","","","","125000","15000","46000","","116000","78000","62000","87000","445000","301000","",
"Palau","PLW","Internally displaced persons, total displaced by conflict and violence (number of people)","VC.IDP.TOCV","","","","","","","","","","","","","","","","","","","","","","","","","","","","","","","","","","","","","","","","","","","","","","","","","","","","","","","","","","","","",
"Papua New Guinea","PNG","Internally displaced persons, total displaced by conflict and violence (number of people)","VC.IDP.TOCV","","","","","","","","","","","","","","","","","","","","","","","","","","","","","","","","","","","","","","","","","","","","","","","","","","","","","","","7500","6300","8400","12000","12000","",
"Poland","POL","Internally displaced persons, total displaced by conflict and violence (number of people)","VC.IDP.TOCV","","","","","","","","","","","","","","","","","","","","","","","","","","","","","","","","","","","","","","","","","","","","","","","","","","","","","","","","","","","","",
"Pre-demographic dividend","PRE","Internally displaced persons, total displaced by conflict and violence (number of people)","VC.IDP.TOCV","","","","","","","","","","","","","","","","","","","","","","","","","","","","","","","","","","","","","","","","","","","","","","","","","","","","","","14835700","15034700","15823800","16529200","16585900","18860500","",
"Puerto Rico","PRI","Internally displaced persons, total displaced by conflict and violence (number of people)","VC.IDP.TOCV","","","","","","","","","","","","","","","","","","","","","","","","","","","","","","","","","","","","","","","","","","","","","","","","","","","","","","","","","","","","",
"Korea, Dem. People’s Rep.","PRK","Internally displaced persons, total displaced by conflict and violence (number of people)","VC.IDP.TOCV","","","","","","","","","","","","","","","","","","","","","","","","","","","","","","","","","","","","","","","","","","","","","","","","","","","","","","","","","","","","",
"Portugal","PRT","Internally displaced persons, total displaced by conflict and violence (number of people)","VC.IDP.TOCV","","","","","","","","","","","","","","","","","","","","","","","","","","","","","","","","","","","","","","","","","","","","","","","","","","","","","","","","","","","","",
"Paraguay","PRY","Internally displaced persons, total displaced by conflict and violence (number of people)","VC.IDP.TOCV","","","","","","","","","","","","","","","","","","","","","","","","","","","","","","","","","","","","","","","","","","","","","","","","","","","","","","","","","","","","",
"West Bank and Gaza","PSE","Internally displaced persons, total displaced by conflict and violence (number of people)","VC.IDP.TOCV","","","","","","","","","","","","","","","","","","","","","","","","","","","","","","","","","","","","","","","","","","","","","","","","","","160000","160000","160000","145000","146000","275000","221000","193000","231000","238000","",
"Pacific island small states","PSS","Internally displaced persons, total displaced by conflict and violence (number of people)","VC.IDP.TOCV","","","","","","","","","","","","","","","","","","","","","","","","","","","","","","","","","","","","","","","","","","","","","","","","","","","","","","","","","","","","",
"Post-demographic dividend","PST","Internally displaced persons, total displaced by conflict and violence (number of people)","VC.IDP.TOCV","","","","","","","","","","","","","","","","","","","","","","","","","","","","","","","","","","","","","","","","","","","","","","","","","","","","","","","","","","","","",
"French Polynesia","PYF","Internally displaced persons, total displaced by conflict and violence (number of people)","VC.IDP.TOCV","","","","","","","","","","","","","","","","","","","","","","","","","","","","","","","","","","","","","","","","","","","","","","","","","","","","","","","","","","","","",
"Qatar","QAT","Internally displaced persons, total displaced by conflict and violence (number of people)","VC.IDP.TOCV","","","","","","","","","","","","","","","","","","","","","","","","","","","","","","","","","","","","","","","","","","","","","","","","","","","","","","","","","","","","",
"Romania","ROU","Internally displaced persons, total displaced by conflict and violence (number of people)","VC.IDP.TOCV","","","","","","","","","","","","","","","","","","","","","","","","","","","","","","","","","","","","","","","","","","","","","","","","","","","","","","","","","","","","",
"Russian Federation","RUS","Internally displaced persons, total displaced by conflict and violence (number of people)","VC.IDP.TOCV","","","","","","","","","","","","","","","","","","","","","","","","","","","","","","","","","","","","","","","","","","","","","","","","","","80000","78000","","29000","35000","25000","27000","19000","19000","2300","",
"Rwanda","RWA","Internally displaced persons, total displaced by conflict and violence (number of people)","VC.IDP.TOCV","","","","","","","","","","","","","","","","","","","","","","","","","","","","","","","","","","","","","","","","","","","","","","","","","","","","","","","","","","","","",
"South Asia","SAS","Internally displaced persons, total displaced by conflict and violence (number of people)","VC.IDP.TOCV","","","","","","","","","","","","","","","","","","","","","","","","","","","","","","","","","","","","","","","","","","","","","","","","","","2913000","2785000","2601000","2819000","2470000","4125000","3765000","3333000","2815002","3659000","",
"Saudi Arabia","SAU","Internally displaced persons, total displaced by conflict and violence (number of people)","VC.IDP.TOCV","","","","","","","","","","","","","","","","","","","","","","","","","","","","","","","","","","","","","","","","","","","","","","","","","","","","","","","","","","","","",
"Sudan","SDN","Internally displaced persons, total displaced by conflict and violence (number of people)","VC.IDP.TOCV","","","","","","","","","","","","","","","","","","","","","","","","","","","","","","","","","","","","","","","","","","","","","","","","","","4900000","4800000","2200000","3000000","2427000","3100000","3182000","3300000","2072000","2072000","",
"Senegal","SEN","Internally displaced persons, total displaced by conflict and violence (number of people)","VC.IDP.TOCV","","","","","","","","","","","","","","","","","","","","","","","","","","","","","","","","","","","","","","","","","","","","","","","","","","24000","24000","24000","22000","24000","24000","24000","24000","22000","18000","",
"Singapore","SGP","Internally displaced persons, total displaced by conflict and violence (number of people)","VC.IDP.TOCV","","","","","","","","","","","","","","","","","","","","","","","","","","","","","","","","","","","","","","","","","","","","","","","","","","","","","","","","","","","","",
"Solomon Islands","SLB","Internally displaced persons, total displaced by conflict and violence (number of people)","VC.IDP.TOCV","","","","","","","","","","","","","","","","","","","","","","","","","","","","","","","","","","","","","","","","","","","","","","","","","","","","","","","","","","","","",
"Sierra Leone","SLE","Internally displaced persons, total displaced by conflict and violence (number of people)","VC.IDP.TOCV","","","","","","","","","","","","","","","","","","","","","","","","","","","","","","","","","","","","","","","","","","","","","","","","","","","","","","","","","","","3000","",
"El Salvador","SLV","Internally displaced persons, total displaced by conflict and violence (number of people)","VC.IDP.TOCV","","","","","","","","","","","","","","","","","","","","","","","","","","","","","","","","","","","","","","","","","","","","","","","","","","","","","","","","","","","","",
"San Marino","SMR","Internally displaced persons, total displaced by conflict and violence (number of people)","VC.IDP.TOCV","","","","","","","","","","","","","","","","","","","","","","","","","","","","","","","","","","","","","","","","","","","","","","","","","","","","","","","","","","","","",
"Somalia","SOM","Internally displaced persons, total displaced by conflict and violence (number of people)","VC.IDP.TOCV","","","","","","","","","","","","","","","","","","","","","","","","","","","","","","","","","","","","","","","","","","","","","","","","","","1500000","1500000","1459000","1350000","1100000","1107000","1223000","1107000","825000","2648000","",
"Serbia","SRB","Internally displaced persons, total displaced by conflict and violence (number of people)","VC.IDP.TOCV","","","","","","","","","","","","","","","","","","","","","","","","","","","","","","","","","","","","","","","","","","","","","","","","","","225000","225000","225000","225000","97000","97000","","","","","",
"Sub-Saharan Africa (excluding high income)","SSA","Internally displaced persons, total displaced by conflict and violence (number of people)","VC.IDP.TOCV","","","","","","","","","","","","","","","","","","","","","","","","","","","","","","","","","","","","","","","","","","","","","","","","","","","","","","","","","12199200","13729900","16442500","",
"South Sudan","SSD","Internally displaced persons, total displaced by conflict and violence (number of people)","VC.IDP.TOCV","","","","","","","","","","","","","","","","","","","","","","","","","","","","","","","","","","","","","","","","","","","","","","","","","","","","350000","350000","383000","1498000","1697000","1854000","1899000","1869000","",
"Sub-Saharan Africa","SSF","Internally displaced persons, total displaced by conflict and violence (number of people)","VC.IDP.TOCV","","","","","","","","","","","","","","","","","","","","","","","","","","","","","","","","","","","","","","","","","","","","","","","","","","","","","","","","","12199200","13729900","16442500","",
"Small states","SST","Internally displaced persons, total displaced by conflict and violence (number of people)","VC.IDP.TOCV","","","","","","","","","","","","","","","","","","","","","","","","","","","","","","","","","","","","","","","","","","","","","","","","","","","","","","","","","","","","",
"Sao Tome and Principe","STP","Internally displaced persons, total displaced by conflict and violence (number of people)","VC.IDP.TOCV","","","","","","","","","","","","","","","","","","","","","","","","","","","","","","","","","","","","","","","","","","","","","","","","","","","","","","","","","","","","",
"Suriname","SUR","Internally displaced persons, total displaced by conflict and violence (number of people)","VC.IDP.TOCV","","","","","","","","","","","","","","","","","","","","","","","","","","","","","","","","","","","","","","","","","","","","","","","","","","","","","","","","","","","","",
"Slovak Republic","SVK","Internally displaced persons, total displaced by conflict and violence (number of people)","VC.IDP.TOCV","","","","","","","","","","","","","","","","","","","","","","","","","","","","","","","","","","","","","","","","","","","","","","","","","","","","","","","","","","","","",
"Slovenia","SVN","Internally displaced persons, total displaced by conflict and violence (number of people)","VC.IDP.TOCV","","","","","","","","","","","","","","","","","","","","","","","","","","","","","","","","","","","","","","","","","","","","","","","","","","","","","","","","","","","","",
"Sweden","SWE","Internally displaced persons, total displaced by conflict and violence (number of people)","VC.IDP.TOCV","","","","","","","","","","","","","","","","","","","","","","","","","","","","","","","","","","","","","","","","","","","","","","","","","","","","","","","","","","","","",
"Eswatini","SWZ","Internally displaced persons, total displaced by conflict and violence (number of people)","VC.IDP.TOCV","","","","","","","","","","","","","","","","","","","","","","","","","","","","","","","","","","","","","","","","","","","","","","","","","","","","","","","","","","","","",
"Sint Maarten (Dutch part)","SXM","Internally displaced persons, total displaced by conflict and violence (number of people)","VC.IDP.TOCV","","","","","","","","","","","","","","","","","","","","","","","","","","","","","","","","","","","","","","","","","","","","","","","","","","","","","","","","","","","","",
"Seychelles","SYC","Internally displaced persons, total displaced by conflict and violence (number of people)","VC.IDP.TOCV","","","","","","","","","","","","","","","","","","","","","","","","","","","","","","","","","","","","","","","","","","","","","","","","","","","","","","","","","","","","",
"Syrian Arab Republic","SYR","Internally displaced persons, total displaced by conflict and violence (number of people)","VC.IDP.TOCV","","","","","","","","","","","","","","","","","","","","","","","","","","","","","","","","","","","","","","","","","","","","","","","","","","433000","433000","600000","3000000","6500000","7600000","6600000","6326000","6784000","6119000","",
"Turks and Caicos Islands","TCA","Internally displaced persons, total displaced by conflict and violence (number of people)","VC.IDP.TOCV","","","","","","","","","","","","","","","","","","","","","","","","","","","","","","","","","","","","","","","","","","","","","","","","","","","","","","","","","","","","",
"Chad","TCD","Internally displaced persons, total displaced by conflict and violence (number of people)","VC.IDP.TOCV","","","","","","","","","","","","","","","","","","","","","","","","","","","","","","","","","","","","","","","","","","","","","","","","","","168000","171000","126000","90000","90000","71000","107000","108000","158000","90000","",
"East Asia & Pacific (IDA & IBRD countries)","TEA","Internally displaced persons, total displaced by conflict and violence (number of people)","VC.IDP.TOCV","","","","","","","","","","","","","","","","","","","","","","","","","","","","","","","","","","","","","","","","","","","","","","","","","","","","","","","","","","","","",
"Europe & Central Asia (IDA & IBRD countries)","TEC","Internally displaced persons, total displaced by conflict and violence (number of people)","VC.IDP.TOCV","","","","","","","","","","","","","","","","","","","","","","","","","","","","","","","","","","","","","","","","","","","","","","","","","","","","","","","2658020","","","","","",
"Togo","TGO","Internally displaced persons, total displaced by conflict and violence (number of people)","VC.IDP.TOCV","","","","","","","","","","","","","","","","","","","","","","","","","","","","","","","","","","","","","","","","","","","","","","","","","","10000","10000","10000","10000","10000","10000","3000","1500","","","",
"Thailand","THA","Internally displaced persons, total displaced by conflict and violence (number of people)","VC.IDP.TOCV","","","","","","","","","","","","","","","","","","","","","","","","","","","","","","","","","","","","","","","","","","","","","","","","","","","","35000","35000","35000","35000","35000","35000","41000","41000","",
"Tajikistan","TJK","Internally displaced persons, total displaced by conflict and violence (number of people)","VC.IDP.TOCV","","","","","","","","","","","","","","","","","","","","","","","","","","","","","","","","","","","","","","","","","","","","","","","","","","","","","","","","","","","","",
"Turkmenistan","TKM","Internally displaced persons, total displaced by conflict and violence (number of people)","VC.IDP.TOCV","","","","","","","","","","","","","","","","","","","","","","","","","","","","","","","","","","","","","","","","","","","","","","","","","","4000","4000","4000","4000","4000","4000","","","","","",
"Latin America & the Caribbean (IDA & IBRD countries)","TLA","Internally displaced persons, total displaced by conflict and violence (number of people)","VC.IDP.TOCV","","","","","","","","","","","","","","","","","","","","","","","","","","","","","","","","","","","","","","","","","","","","","","","","","","","","","","","","","","","","",
"Timor-Leste","TLS","Internally displaced persons, total displaced by conflict and violence (number of people)","VC.IDP.TOCV","","","","","","","","","","","","","","","","","","","","","","","","","","","","","","","","","","","","","","","","","","","","","","","","","","400","400","900","900","900","900","","","","","",
"Middle East & North Africa (IDA & IBRD countries)","TMN","Internally displaced persons, total displaced by conflict and violence (number of people)","VC.IDP.TOCV","","","","","","","","","","","","","","","","","","","","","","","","","","","","","","","","","","","","","","","","","","","","","","","","","","","","","","","","","","","","",
"Tonga","TON","Internally displaced persons, total displaced by conflict and violence (number of people)","VC.IDP.TOCV","","","","","","","","","","","","","","","","","","","","","","","","","","","","","","","","","","","","","","","","","","","","","","","","","","","","","","","","","","","","",
"South Asia (IDA & IBRD)","TSA","Internally displaced persons, total displaced by conflict and violence (number of people)","VC.IDP.TOCV","","","","","","","","","","","","","","","","","","","","","","","","","","","","","","","","","","","","","","","","","","","","","","","","","","2913000","2785000","2601000","2819000","2470000","4125000","3765000","3333000","2815002","3659000","",
"Sub-Saharan Africa (IDA & IBRD countries)","TSS","Internally displaced persons, total displaced by conflict and violence (number of people)","VC.IDP.TOCV","","","","","","","","","","","","","","","","","","","","","","","","","","","","","","","","","","","","","","","","","","","","","","","","","","","","","","","","","12199200","13729900","16442500","",
"Trinidad and Tobago","TTO","Internally displaced persons, total displaced by conflict and violence (number of people)","VC.IDP.TOCV","","","","","","","","","","","","","","","","","","","","","","","","","","","","","","","","","","","","","","","","","","","","","","","","","","","","","","","","","","","","",
"Tunisia","TUN","Internally displaced persons, total displaced by conflict and violence (number of people)","VC.IDP.TOCV","","","","","","","","","","","","","","","","","","","","","","","","","","","","","","","","","","","","","","","","","","","","","","","","","","","","","","","","","","","","",
"Turkey","TUR","Internally displaced persons, total displaced by conflict and violence (number of people)","VC.IDP.TOCV","","","","","","","","","","","","","","","","","","","","","","","","","","","","","","","","","","","","","","","","","","","","","","","","","","1000000","1000000","1000000","1000000","954000","954000","954000","1108000","1113000","1097000","",
"Tuvalu","TUV","Internally displaced persons, total displaced by conflict and violence (number of people)","VC.IDP.TOCV","","","","","","","","","","","","","","","","","","","","","","","","","","","","","","","","","","","","","","","","","","","","","","","","","","","","","","","","","","","","",
"Tanzania","TZA","Internally displaced persons, total displaced by conflict and violence (number of people)","VC.IDP.TOCV","","","","","","","","","","","","","","","","","","","","","","","","","","","","","","","","","","","","","","","","","","","","","","","","","","","","","","","","","","","","",
"Uganda","UGA","Internally displaced persons, total displaced by conflict and violence (number of people)","VC.IDP.TOCV","","","","","","","","","","","","","","","","","","","","","","","","","","","","","","","","","","","","","","","","","","","","","","","","","","435000","166000","30000","30000","30000","30000","30000","53000","24000","32000","",
"Ukraine","UKR","Internally displaced persons, total displaced by conflict and violence (number of people)","VC.IDP.TOCV","","","","","","","","","","","","","","","","","","","","","","","","","","","","","","","","","","","","","","","","","","","","","","","","","","","","","","","647000","1679000","1653000","800000","800000","",
"Upper middle income","UMC","Internally displaced persons, total displaced by conflict and violence (number of people)","VC.IDP.TOCV","","","","","","","","","","","","","","","","","","","","","","","","","","","","","","","","","","","","","","","","","","","","","","","","","","","","","","","","","","","","",
"Uruguay","URY","Internally displaced persons, total displaced by conflict and violence (number of people)","VC.IDP.TOCV","","","","","","","","","","","","","","","","","","","","","","","","","","","","","","","","","","","","","","","","","","","","","","","","","","","","","","","","","","","","",
"United States","USA","Internally displaced persons, total displaced by conflict and violence (number of people)","VC.IDP.TOCV","","","","","","","","","","","","","","","","","","","","","","","","","","","","","","","","","","","","","","","","","","","","","","","","","","","","","","","","","","","","",
"Uzbekistan","UZB","Internally displaced persons, total displaced by conflict and violence (number of people)","VC.IDP.TOCV","","","","","","","","","","","","","","","","","","","","","","","","","","","","","","","","","","","","","","","","","","","","","","","","","","3400","3400","3400","3400","3400","3400","","","","","",
"St. Vincent and the Grenadines","VCT","Internally displaced persons, total displaced by conflict and violence (number of people)","VC.IDP.TOCV","","","","","","","","","","","","","","","","","","","","","","","","","","","","","","","","","","","","","","","","","","","","","","","","","","","","","","","","","","","","",
"Venezuela, RB","VEN","Internally displaced persons, total displaced by conflict and violence (number of people)","VC.IDP.TOCV","","","","","","","","","","","","","","","","","","","","","","","","","","","","","","","","","","","","","","","","","","","","","","","","","","","","","","","","","","","","",
"British Virgin Islands","VGB","Internally displaced persons, total displaced by conflict and violence (number of people)","VC.IDP.TOCV","","","","","","","","","","","","","","","","","","","","","","","","","","","","","","","","","","","","","","","","","","","","","","","","","","","","","","","","","","","","",
"Virgin Islands (U.S.)","VIR","Internally displaced persons, total displaced by conflict and violence (number of people)","VC.IDP.TOCV","","","","","","","","","","","","","","","","","","","","","","","","","","","","","","","","","","","","","","","","","","","","","","","","","","","","","","","","","","","","",
"Vietnam","VNM","Internally displaced persons, total displaced by conflict and violence (number of people)","VC.IDP.TOCV","","","","","","","","","","","","","","","","","","","","","","","","","","","","","","","","","","","","","","","","","","","","","","","","","","","","","","","","","","","","",
"Vanuatu","VUT","Internally displaced persons, total displaced by conflict and violence (number of people)","VC.IDP.TOCV","","","","","","","","","","","","","","","","","","","","","","","","","","","","","","","","","","","","","","","","","","","","","","","","","","","","","","","","","","","","",
"World","WLD","Internally displaced persons, total displaced by conflict and violence (number of people)","VC.IDP.TOCV","","","","","","","","","","","","","","","","","","","","","","","","","","","","","","","","","","","","","","","","","","","","","","","","","","","","","","","","","","","","",
"Samoa","WSM","Internally displaced persons, total displaced by conflict and violence (number of people)","VC.IDP.TOCV","","","","","","","","","","","","","","","","","","","","","","","","","","","","","","","","","","","","","","","","","","","","","","","","","","","","","","","","","","","","",
"Kosovo","XKX","Internally displaced persons, total displaced by conflict and violence (number of people)","VC.IDP.TOCV","","","","","","","","","","","","","","","","","","","","","","","","","","","","","","","","","","","","","","","","","","","","","","","","","","20000","18000","18000","18000","17000","17000","17000","17000","16000","16000","",
"Yemen, Rep.","YEM","Internally displaced persons, total displaced by conflict and violence (number of people)","VC.IDP.TOCV","","","","","","","","","","","","","","","","","","","","","","","","","","","","","","","","","","","","","","","","","","","","","","","","","","175000","226000","464000","385000","307000","334000","2509000","1974000","2014000","2324000","",
"South Africa","ZAF","Internally displaced persons, total displaced by conflict and violence (number of people)","VC.IDP.TOCV","","","","","","","","","","","","","","","","","","","","","","","","","","","","","","","","","","","","","","","","","","","","","","","","","","","","","","","","","","","","",
"Zambia","ZMB","Internally displaced persons, total displaced by conflict and violence (number of people)","VC.IDP.TOCV","","","","","","","","","","","","","","","","","","","","","","","","","","","","","","","","","","","","","","","","","","","","","","","","","","","","","","","","","","","","",
"Zimbabwe","ZWE","Internally displaced persons, total displaced by conflict and violence (number of people)","VC.IDP.TOCV","","","","","","","","","","","","","","","","","","","","","","","","","","","","","","","","","","","","","","","","","","","","","","","","","","","","","","","","","","","","",
